scenario,domain
doradobet_home_desktop,7e07ed73-4b31-437a-bd49-e8c632d4a7bc.snippet.anjcdn.org
doradobet_home_desktop,7e07ed73-4b31-437a-bd49-e8c632d4a7bc.snippet.anjouangaming.org
doradobet_home_desktop,a.mgid.com
doradobet_home_desktop,a.sportradarserving.com
doradobet_home_desktop,a2.adform.net
doradobet_home_desktop,accounts.google.com
doradobet_home_desktop,acdn.adnxs.com
doradobet_home_desktop,ad.360yield.com
doradobet_home_desktop,ads.betweendigital.com
doradobet_home_desktop,analytics-ipv6.tiktokw.us
doradobet_home_desktop,analytics.google.com
doradobet_home_desktop,analytics.tiktok.com
doradobet_home_desktop,api.fpjs.io
doradobet_home_desktop,api2.amplitude.com
doradobet_home_desktop,c.bing.com
doradobet_home_desktop,c.clarity.ms
doradobet_home_desktop,cc-bq.com
doradobet_home_desktop,cdn-st.adsmurai.com
doradobet_home_desktop,cdn.amplitude.com
doradobet_home_desktop,cdn01.basis.net
doradobet_home_desktop,cdncode2.virtualsoft.tech
doradobet_home_desktop,cdnconfigs.virtualsoft.tech
doradobet_home_desktop,ctag.containermedia.net
doradobet_home_desktop,cwcentribot.centribal.com
doradobet_home_desktop,doradobet.com
doradobet_home_desktop,dsp.nrich.ai
doradobet_home_desktop,dynamic.criteo.com
doradobet_home_desktop,fpjscdn.net
doradobet_home_desktop,gameservice.virtualsoft.tech
doradobet_home_desktop,gum.criteo.com
doradobet_home_desktop,ib.adnxs.com
doradobet_home_desktop,images.virtualsoft.tech
doradobet_home_desktop,j.clarity.ms
doradobet_home_desktop,load.t.doradobet.com
doradobet_home_desktop,my.rtmark.net
doradobet_home_desktop,pixel-sync.sitescout.com
doradobet_home_desktop,pixel.sitescout.com
doradobet_home_desktop,pulse-vs.vercel.app
doradobet_home_desktop,rum.cronitor.io
doradobet_home_desktop,s2.adform.net
doradobet_home_desktop,scripts.clarity.ms
doradobet_home_desktop,sslwidget.criteo.com
doradobet_home_desktop,static.virtualsoft.tech
doradobet_home_desktop,static.woopra.com
doradobet_home_desktop,static2.virtualsoft.tech
doradobet_home_desktop,stats.g.doubleclick.net
doradobet_home_desktop,tm.ads.sportradar.com
doradobet_home_desktop,track.adform.net
doradobet_home_desktop,tracker.ads.sportradar.com
doradobet_home_desktop,tsyndicate.com
doradobet_home_desktop,us-u.openx.net
doradobet_home_desktop,v.byads.co
doradobet_home_desktop,visitor-betweenx.omnitagjs.com
doradobet_home_desktop,www.clarity.ms
doradobet_home_desktop,www.google-analytics.com
doradobet_home_desktop,www.google.com
doradobet_home_desktop,www.google.com.bo
doradobet_home_desktop,www.googletagmanager.com
doradobet_home_desktop,www.gstatic.com
doradobet_home_desktop,www.rtb123.com
doradobet_home_desktop,www.woopra.com
doradobet_home_desktop,x.bidswitch.net
doradobet_home_mobile,7e07ed73-4b31-437a-bd49-e8c632d4a7bc.snippet.anjcdn.org
doradobet_home_mobile,7e07ed73-4b31-437a-bd49-e8c632d4a7bc.snippet.anjouangaming.org
doradobet_home_mobile,a.mgid.com
doradobet_home_mobile,a.sportradarserving.com
doradobet_home_mobile,a1.seadform.net
doradobet_home_mobile,a2.adform.net
doradobet_home_mobile,aa.agkn.com
doradobet_home_mobile,accounts.google.com
doradobet_home_mobile,acdn.adnxs.com
doradobet_home_mobile,ad.360yield.com
doradobet_home_mobile,ade.clmbtech.com
doradobet_home_mobile,analytics-ipv6.tiktokw.us
doradobet_home_mobile,analytics.google.com
doradobet_home_mobile,analytics.tiktok.com
doradobet_home_mobile,api.fpjs.io
doradobet_home_mobile,api2.amplitude.com
doradobet_home_mobile,bidberry.net
doradobet_home_mobile,bit.ly
doradobet_home_mobile,c.bing.com
doradobet_home_mobile,c.clarity.ms
doradobet_home_mobile,c1.adform.net
doradobet_home_mobile,cc-bq.com
doradobet_home_mobile,cdn-st.adsmurai.com
doradobet_home_mobile,cdn.amplitude.com
doradobet_home_mobile,cdn01.basis.net
doradobet_home_mobile,cdncode2.virtualsoft.tech
doradobet_home_mobile,cdnconfigs.virtualsoft.tech
doradobet_home_mobile,chaturbate.com
doradobet_home_mobile,cm.g.doubleclick.net
doradobet_home_mobile,criteo-partners.tremorhub.com
doradobet_home_mobile,criteo-sync.teads.tv
doradobet_home_mobile,cs.media.net
doradobet_home_mobile,ctag.containermedia.net
doradobet_home_mobile,cwcentribot.centribal.com
doradobet_home_mobile,dis.criteo.com
doradobet_home_mobile,doradobet.com
doradobet_home_mobile,dpm.demdex.net
doradobet_home_mobile,dynamic.criteo.com
doradobet_home_mobile,eb2.3lift.com
doradobet_home_mobile,fpjscdn.net
doradobet_home_mobile,gameservice.virtualsoft.tech
doradobet_home_mobile,go.xlviiirdr.com
doradobet_home_mobile,gum.criteo.com
doradobet_home_mobile,i.liadm.com
doradobet_home_mobile,ib.adnxs.com
doradobet_home_mobile,images.virtualsoft.tech
doradobet_home_mobile,j.clarity.ms
doradobet_home_mobile,jadserve.postrelease.com
doradobet_home_mobile,load.t.doradobet.com
doradobet_home_mobile,my.rtmark.net
doradobet_home_mobile,pixel-sync.sitescout.com
doradobet_home_mobile,pixel.rubiconproject.com
doradobet_home_mobile,pixel.sitescout.com
doradobet_home_mobile,pulse-vs.vercel.app
doradobet_home_mobile,r.casalemedia.com
doradobet_home_mobile,rtb-csync.smartadserver.com
doradobet_home_mobile,rum.cronitor.io
doradobet_home_mobile,s2.adform.net
doradobet_home_mobile,scripts.clarity.ms
doradobet_home_mobile,simage2.pubmatic.com
doradobet_home_mobile,simage4.pubmatic.com
doradobet_home_mobile,sslwidget.criteo.com
doradobet_home_mobile,static.virtualsoft.tech
doradobet_home_mobile,static.woopra.com
doradobet_home_mobile,static2.virtualsoft.tech
doradobet_home_mobile,stats.g.doubleclick.net
doradobet_home_mobile,sync-t1.taboola.com
doradobet_home_mobile,sync.1rx.io
doradobet_home_mobile,sync.crwdcntrl.net
doradobet_home_mobile,sync.outbrain.com
doradobet_home_mobile,sync.targeting.unrulymedia.com
doradobet_home_mobile,tm.ads.sportradar.com
doradobet_home_mobile,track.adform.net
doradobet_home_mobile,tracker.ads.sportradar.com
doradobet_home_mobile,trends.revcontent.com
doradobet_home_mobile,tsyndicate.com
doradobet_home_mobile,v.byads.co
doradobet_home_mobile,www.clarity.ms
doradobet_home_mobile,www.google-analytics.com
doradobet_home_mobile,www.google.com
doradobet_home_mobile,www.google.com.bo
doradobet_home_mobile,www.googletagmanager.com
doradobet_home_mobile,www.gstatic.com
doradobet_home_mobile,www.rtb123.com
doradobet_home_mobile,www.woopra.com
doradobet_home_mobile,x.bidswitch.net
doradobet_pwa_mobile,7e07ed73-4b31-437a-bd49-e8c632d4a7bc.snippet.anjcdn.org
doradobet_pwa_mobile,7e07ed73-4b31-437a-bd49-e8c632d4a7bc.snippet.anjouangaming.org
doradobet_pwa_mobile,a.mgid.com
doradobet_pwa_mobile,a.sportradarserving.com
doradobet_pwa_mobile,a1.seadform.net
doradobet_pwa_mobile,a2.adform.net
doradobet_pwa_mobile,accounts.google.com
doradobet_pwa_mobile,acdn.adnxs.com
doradobet_pwa_mobile,analytics-ipv6.tiktokw.us
doradobet_pwa_mobile,analytics.google.com
doradobet_pwa_mobile,analytics.tiktok.com
doradobet_pwa_mobile,api.fpjs.io
doradobet_pwa_mobile,api2.amplitude.com
doradobet_pwa_mobile,bit.ly
doradobet_pwa_mobile,c.bing.com
doradobet_pwa_mobile,c.clarity.ms
doradobet_pwa_mobile,c1.adform.net
doradobet_pwa_mobile,cc-bq.com
doradobet_pwa_mobile,cdn-st.adsmurai.com
doradobet_pwa_mobile,cdn.amplitude.com
doradobet_pwa_mobile,cdn01.basis.net
doradobet_pwa_mobile,cdncode2.virtualsoft.tech
doradobet_pwa_mobile,cdnconfigs.virtualsoft.tech
doradobet_pwa_mobile,chaturbate.com
doradobet_pwa_mobile,ctag.containermedia.net
doradobet_pwa_mobile,cwcentribot.centribal.com
doradobet_pwa_mobile,doradobet.com
doradobet_pwa_mobile,dynamic.criteo.com
doradobet_pwa_mobile,events-us-east-1.kumulos.com
doradobet_pwa_mobile,fonts.googleapis.com
doradobet_pwa_mobile,fpjscdn.net
doradobet_pwa_mobile,go.xlviiirdr.com
doradobet_pwa_mobile,gum.criteo.com
doradobet_pwa_mobile,ib.adnxs.com
doradobet_pwa_mobile,images.virtualsoft.tech
doradobet_pwa_mobile,j.clarity.ms
doradobet_pwa_mobile,load.t.doradobet.com
doradobet_pwa_mobile,my.rtmark.net
doradobet_pwa_mobile,pixel-sync.sitescout.com
doradobet_pwa_mobile,pixel.sitescout.com
doradobet_pwa_mobile,pulse-vs.vercel.app
doradobet_pwa_mobile,push-us-east-1.kumulos.com
doradobet_pwa_mobile,realtime-1906.optimove.net
doradobet_pwa_mobile,rum.cronitor.io
doradobet_pwa_mobile,s2.adform.net
doradobet_pwa_mobile,scripts.clarity.ms
doradobet_pwa_mobile,sdk.optimove.net
doradobet_pwa_mobile,sdkuaservice.optimove.net
doradobet_pwa_mobile,sslwidget.criteo.com
doradobet_pwa_mobile,static.app.delivery
doradobet_pwa_mobile,static.virtualsoft.tech
doradobet_pwa_mobile,static.woopra.com
doradobet_pwa_mobile,static2.virtualsoft.tech
doradobet_pwa_mobile,stats.g.doubleclick.net
doradobet_pwa_mobile,stream-1906.optimove.net
doradobet_pwa_mobile,tm.ads.sportradar.com
doradobet_pwa_mobile,track.adform.net
doradobet_pwa_mobile,tracker.ads.sportradar.com
doradobet_pwa_mobile,tsyndicate.com
doradobet_pwa_mobile,v.byads.co
doradobet_pwa_mobile,www.clarity.ms
doradobet_pwa_mobile,www.google-analytics.com
doradobet_pwa_mobile,www.google.com
doradobet_pwa_mobile,www.google.com.bo
doradobet_pwa_mobile,www.googletagmanager.com
doradobet_pwa_mobile,www.gstatic.com
doradobet_pwa_mobile,www.rtb123.com
doradobet_pwa_mobile,www.woopra.com
doradobet_register_desktop,7e07ed73-4b31-437a-bd49-e8c632d4a7bc.snippet.anjcdn.org
doradobet_register_desktop,7e07ed73-4b31-437a-bd49-e8c632d4a7bc.snippet.anjouangaming.org
doradobet_register_desktop,a.mgid.com
doradobet_register_desktop,a.sportradarserving.com
doradobet_register_desktop,a2.adform.net
doradobet_register_desktop,accounts.google.com
doradobet_register_desktop,acdn.adnxs.com
doradobet_register_desktop,ad.360yield.com
doradobet_register_desktop,analytics-ipv6.tiktokw.us
doradobet_register_desktop,analytics.google.com
doradobet_register_desktop,analytics.tiktok.com
doradobet_register_desktop,api.fpjs.io
doradobet_register_desktop,api2.amplitude.com
doradobet_register_desktop,c.bing.com
doradobet_register_desktop,c.clarity.ms
doradobet_register_desktop,cc-bq.com
doradobet_register_desktop,cdn-st.adsmurai.com
doradobet_register_desktop,cdn.amplitude.com
doradobet_register_desktop,cdn01.basis.net
doradobet_register_desktop,cdncode2.virtualsoft.tech
doradobet_register_desktop,cdnconfigs.virtualsoft.tech
doradobet_register_desktop,cks.connatix.com
doradobet_register_desktop,ctag.containermedia.net
doradobet_register_desktop,cwcentribot.centribal.com
doradobet_register_desktop,doradobet.com
doradobet_register_desktop,dynamic.criteo.com
doradobet_register_desktop,events-us-east-1.kumulos.com
doradobet_register_desktop,fonts.googleapis.com
doradobet_register_desktop,fpjscdn.net
doradobet_register_desktop,gum.criteo.com
doradobet_register_desktop,ib.adnxs.com
doradobet_register_desktop,images.virtualsoft.tech
doradobet_register_desktop,j.clarity.ms
doradobet_register_desktop,load.t.doradobet.com
doradobet_register_desktop,my.rtmark.net
doradobet_register_desktop,partnerapi.virtualsoft.tech
doradobet_register_desktop,pixel-sync.sitescout.com
doradobet_register_desktop,pixel.sitescout.com
doradobet_register_desktop,pulse-vs.vercel.app
doradobet_register_desktop,push-us-east-1.kumulos.com
doradobet_register_desktop,realtime-1906.optimove.net
doradobet_register_desktop,rtb-csync.smartadserver.com
doradobet_register_desktop,rum.cronitor.io
doradobet_register_desktop,s2.adform.net
doradobet_register_desktop,scripts.clarity.ms
doradobet_register_desktop,sdk.optimove.net
doradobet_register_desktop,sdkuaservice.optimove.net
doradobet_register_desktop,sslwidget.criteo.com
doradobet_register_desktop,static.app.delivery
doradobet_register_desktop,static.virtualsoft.tech
doradobet_register_desktop,static.woopra.com
doradobet_register_desktop,static2.virtualsoft.tech
doradobet_register_desktop,stats.g.doubleclick.net
doradobet_register_desktop,stream-1906.optimove.net
doradobet_register_desktop,tm.ads.sportradar.com
doradobet_register_desktop,track.adform.net
doradobet_register_desktop,tracker.ads.sportradar.com
doradobet_register_desktop,tsyndicate.com
doradobet_register_desktop,use.sportradarserving.com
doradobet_register_desktop,v.byads.co
doradobet_register_desktop,www.clarity.ms
doradobet_register_desktop,www.google-analytics.com
doradobet_register_desktop,www.google.com
doradobet_register_desktop,www.google.com.bo
doradobet_register_desktop,www.googletagmanager.com
doradobet_register_desktop,www.gstatic.com
doradobet_register_desktop,www.rtb123.com
doradobet_register_desktop,www.woopra.com
doradobet_register_desktop,x.bidswitch.net
futbol_espn_desktop_click,cdn.futbol-libre.su
futbol_espn_desktop_click,cdnjs.cloudflare.com
futbol_espn_desktop_click,code.jquery.com
futbol_espn_desktop_click,futbol-libre.su
futbol_espn_desktop_click,latamvidz1.com
futbol_espn_desktop_click,ng0pr.envivoslatam.org
futbol_espn_desktop_click,www.google-analytics.com
futbol_espn_desktop_click,www.googletagmanager.com
futbol_espn_mobile_click,cdn.futbol-libre.su
futbol_espn_mobile_click,cdnjs.cloudflare.com
futbol_espn_mobile_click,code.jquery.com
futbol_espn_mobile_click,futbol-libre.su
futbol_espn_mobile_click,latamvidz1.com
futbol_espn_mobile_click,smjt9q.envivoslatam.org
futbol_espn_mobile_click,www.google-analytics.com
futbol_espn_mobile_click,www.googletagmanager.com
futbol_home_desktop,acscdn.com
futbol_home_desktop,adexchangerapid.com
futbol_home_desktop,ajax.googleapis.com
futbol_home_desktop,cdn.futbol-libre.su
futbol_home_desktop,cdnjs.cloudflare.com
futbol_home_desktop,code.jquery.com
futbol_home_desktop,futbol-libre.su
futbol_home_desktop,usrpubtrk.com
futbol_home_desktop,www.google-analytics.com
futbol_home_desktop,www.googletagmanager.com
